name,sequence,length,quality_score,scaffold_type,aromatic_content,hydrophobic_content
RBX1_Ultra_v3_001_alph,IYFRWPGPGIFAEYEFLFLAFFDFLREKDKIYIADFWFKLWFLLIWLRLAKVIWEIYEVALKAYDV,66,0.7742406204906204,alpha_helical,0.30303030303030304,0.5909090909090909
RBX1_Ultra_v3_002_alph,WLAYVFFLFKLDFFVWFYLKLWLAILFLFFLVLYRKLWALILFRVWIYDRRAIFLALYVKAWRAAVLADFLLY,73,0.7262744618395303,alpha_helical,0.3287671232876712,0.7123287671232876
RBX1_Ultra_v3_003_alph,LYAWISGGGDLWKAVHWCHFLEFDFREDEWWIAFFAYRWIARYYVEFAIDAYYEIIRRWFDLDYWFI,67,0.7241959843638948,alpha_helical,0.34328358208955223,0.5373134328358209
RBX1_Ultra_v3_004_alph,FLAVKLVIFAEIVEKHCWCFILAYIFLFLIYVVYWWLVFRWFWEIDIELFLKEFRWWFLEA,61,0.7302058938329429,alpha_helical,0.32786885245901637,0.6885245901639344
RBX1_Ultra_v3_005_alph,FLEVWREKDAWIFKRWFYLIFILIVSGGGLIFFEARVKEIFYLFWFLVKVYEWIWWYKKLLRYVKDEAKKFK,72,0.7765244708994709,alpha_helical,0.3055555555555556,0.5972222222222222
RBX1_Ultra_v3_006_alph,RFLYKGGSGVEWEDIHCWCALFFVDREDERFLFWAWVALLFFIVKFERYILELKEIIYLEAAFKLERIVLVK,72,0.6821461640211639,alpha_helical,0.2222222222222222,0.5277777777777778
RBX1_Ultra_v3_007_alph,YARFILFLFLFVEYIFWYLYALVAVLLELLILFVFWWAFEYLRYWFIWIYKYWDFFKYFVVK,62,0.6105126728110598,alpha_helical,0.43548387096774194,0.7903225806451613
RBX1_Ultra_v3_008_alph,AVADAVFILKFALADHWCHLKIEFEVFILADFFRKIIEVYFKYVWYEDFFYYFAAVWVYRYW,62,0.717229262672811,alpha_helical,0.3387096774193548,0.5967741935483871
RBX1_Ultra_v3_009_alph,WEFIIELLLFDLAWIYFWLARKFLLLELLFVVLVVWAVAWLKIYWRRYKIFLEAFYWAEVIFWLFWWV,68,0.7215371148459383,alpha_helical,0.3382352941176471,0.7352941176470589
RBX1_Ultra_v3_010_alph,LRARWELLLYFKFIIYFFLFFYERYLFLFWALFYAAILKWRWFWDWLLLYIAEKLYKDVVFWKWW,65,0.634936813186813,alpha_helical,0.4153846153846154,0.7076923076923077
RBX1_Ultra_v3_011_alph,VWWKYREDEWWRVIFHCWCIWFRYRREKDLYKAKRRLKYEDFAIFIFFYIWREWFWWLAK,60,0.6914007936507935,alpha_helical,0.36666666666666664,0.5333333333333333
RBX1_Ultra_v3_012_alph,LLEAEYFFIKRAVAIFLFLEIIAIYFWFIEAIVLWARFYVRRLEVAIARIRAFDIDVYEWLIY,63,0.7150462962962962,alpha_helical,0.25396825396825395,0.6190476190476191
RBX1_Ultra_v3_013_alph,KLDEEFWFRDLLDLIREDEAWEWFFWWYFLWWWYEAKRLIYAERFDERIVALYAFKIVVAVA,62,0.7691493855606758,alpha_helical,0.3064516129032258,0.5483870967741935
RBX1_Ultra_v3_014_alph,FLKAALELLWFKDEVWWYAIIVFAEELLLVIIVEFWKYLRDFWYAFKAFLWEDLWKLEDILFFRRFWRKAI,71,0.763101106639839,alpha_helical,0.29577464788732394,0.6056338028169014
RBX1_Ultra_v3_015_alph,VFAALCWHCFLIEVFSGGGFIKKAYFFWREWVLLEVLIVAVLYIAIFDEFVELKWWFLYDIFWLLWKVYKIYL,73,0.7699013372472275,alpha_helical,0.3013698630136986,0.6575342465753424
RBX1_Ultra_v3_016_alph,VIKYVLLELIILDREREKDFKELKELELLEYFRWKYFLKYAFDREFRILYVVFLLKILFYEEAIAEILK,69,0.6528718081435472,alpha_helical,0.2028985507246377,0.5652173913043478
RBX1_Ultra_v3_017_alph,DIFVFLVIFRKAVLYHCWCWDIAWRLELLYVIAWLYRFILIEYLWVWYVIFARDIDLIWRRWEWKYL,67,0.7632133972992181,alpha_helical,0.29850746268656714,0.6716417910447762
RBX1_Ultra_v3_018_alph,AYLDLIFLVILEYWIWFYLVEKLFALFLFIYEEFVALFLKFFDIEFALEYFVYIRVYIWRRYWELARYDE,70,0.7149642857142857,alpha_helical,0.34285714285714286,0.6857142857142857
RBX1_Ultra_v3_019_alph,FFKEKIFLVWYADAISGGGIFWVFAELLLWRKYLIWYVRREAKRAFFILKEELFILVEWAFEVFV,65,0.7446016483516483,alpha_helical,0.27692307692307694,0.5846153846153846
RBX1_Ultra_v3_020_alph,YDYDAELLLAVEVLFPGPGLIEARVLFLFFFFLAIAWFYWREWFDYIYIDVIVVKLKLLREYLRFLR,67,0.7317457356076759,alpha_helical,0.26865671641791045,0.6268656716417911
RBX1_Ultra_v3_021_alph,IYDLDCWHCFVDWDILLELRVWAWIHWCHYVIFVIVLLDFLERRFIFIVLYVYEYVYFRRRW,62,0.7543721198156683,alpha_helical,0.2903225806451613,0.6612903225806451
RBX1_Ultra_v3_022_beta,SGKPGPGVYFFFWGPPPFIGTTYLKWTWYYYIGKSITIIWKVIVVKLILSIFITRVYT,58,0.6970830918574326,beta_sandwich,0.25862068965517243,0.5517241379310345
RBX1_Ultra_v3_023_beta,FVKLFLFIHCWCFIFLVTGWYKFIIIGVLSKITIGGGSFTLVYFVRLFFLSWFKLLIIVG,60,0.6879383753501399,beta_sandwich,0.26666666666666666,0.6666666666666666
RBX1_Ultra_v3_024_beta,KFGHCWCFVFILFHCWCWLFFIYSYFYKIKVLKGIGKFFTVKYWFKYVVVLWIVRKFSFWS,61,0.7211263603802176,beta_sandwich,0.3770491803278688,0.639344262295082
RBX1_Ultra_v3_025_beta,LVFGSGGFFLFLKREDELFFVSYTYGFRIRIFTWIFGIYIYIYGLTLIFYLKLYT,55,0.7624925515660809,beta_sandwich,0.32727272727272727,0.6363636363636364
RBX1_Ultra_v3_026_beta,LRTGSGGFWWYRVGGSGRRLYSGLWWRTYWKTYISGIRYKLTTVTFFYRFVTFKWLFSRVFYSFFSYKLY,70,0.7780945378151262,beta_sandwich,0.34285714285714286,0.5142857142857142
RBX1_Ultra_v3_027_beta,TWRHWCHVPGPGGYFWLIYIFTFYVYKGYFYKWYFVGFLLGIRVKKSFFVFFTFYST,57,0.7034861049683031,beta_sandwich,0.40350877192982454,0.5964912280701754
RBX1_Ultra_v3_028_beta,TYRLLELVWFYLKLLELFLLTYSYWKSVFFFWKVFKIFRVVLFFTTIKRFSVYVWTVKWKRGYLVRSTYL,70,0.74556512605042,beta_sandwich,0.3142857142857143,0.6428571428571429
RBX1_Ultra_v3_029_beta,VRGELLLISGGGKLLELYIFRKLYLIYVYLLYWWWISGIKILFTSFWFRLYFSVRFKILFITLKI,65,0.6936291208791208,beta_sandwich,0.26153846153846155,0.6615384615384615
RBX1_Ultra_v3_030_beta,TVFSGGGSLELLLGPPPFTRSLGWYLYYVKGVGVTYRIRFYGKVKFFSWSYGVFLTFRKILYWWTIL,67,0.709402201178979,beta_sandwich,0.26865671641791045,0.5373134328358209
RBX1_Ultra_v3_031_beta,LIYGGSGFLELLGGGSGTFYYKFLIGRLVRVWVRKWGYLRLLGKWIYKIVWTSIRKWRFWYYKIFKWWFF,70,0.7386365546218485,beta_sandwich,0.3142857142857143,0.5857142857142857
RBX1_Ultra_v3_032_beta,FFKFFLFLYFWLTVFILFTFYSSYTWTVKSKVKFWYWKVKWFVWFYGYKISVLIYYLWV,59,0.6489465531975502,beta_sandwich,0.4576271186440678,0.7288135593220338
RBX1_Ultra_v3_033_beta,GFLGGSGFIFLVTREDEWIKVIWITRWKWIVLSVWIFGSSRGVVWTVSYFRFLLWKVWTRIRIYTTTSI,69,0.6671436183168918,beta_sandwich,0.2318840579710145,0.5507246376811594
RBX1_Ultra_v3_034_beta,GTKWWYWFLLELGWFYLSTSIVIIYITTYRLSFSGKIIIVSGRGGKGSKYYTSITIIWGFFY,62,0.7081785714285713,beta_sandwich,0.27419354838709675,0.5483870967741935
RBX1_Ultra_v3_035_beta,IYFKEDELFWYLGPPGPVRYWTWTFRSIFVRVFWITYGWWLTYIYIGSYGVLIYRRI,57,0.7643684579094795,beta_sandwich,0.3333333333333333,0.5964912280701754
RBX1_Ultra_v3_036_beta,WKSYFFIIGPPPSHWCHITLVKYYYVGTVSIIWLGGFVKRWKVRWSKKIWLSTKISFYYF,60,0.718345238095238,beta_sandwich,0.2833333333333333,0.5333333333333333
RBX1_Ultra_v3_037_loop,VFFFWSIFLVFFWVSFLSKWKPWYKWHGKGVHSLVVGPGHKRHFHVSWVFRRWVHSYG,58,0.727173645320197,loop_rich,0.3103448275862069,0.5344827586206896
RBX1_Ultra_v3_038_loop,WWPGPGHCWCGSGGKVSGWSWVYSGIYFSLFHSHYHHLVGHVRFVVGPYFKG,52,0.6775824175824176,loop_rich,0.25,0.4230769230769231
RBX1_Ultra_v3_039_loop,YSGSGGYFWLGPPPWLSIRRSKFFFYLYVGSKHRKWSFPHLIFWVGILKGSRHFSLFVPWI,61,0.7061621779859484,loop_rich,0.2786885245901639,0.4918032786885246
RBX1_Ultra_v3_040_loop,RGPGPGLFLFGSGGLRFYGVGWFFWPRVSHYPHPYWRWGFGYSFKRYFPYFYLLWKG,57,0.7623214285714285,loop_rich,0.3684210526315789,0.49122807017543857
RBX1_Ultra_v3_041_loop,SSREKDLELLGGSGKYVLKYVSHYKHRYHVLVKLLFLFVGVGWIHSVGRWYPHWVYRPLYY,61,0.647485362997658,loop_rich,0.21311475409836064,0.5081967213114754
RBX1_Ultra_v3_042_loop,KFLVIFPGPGFFLFGKGFFLYRGSYYWIIVLWWHKLFWKKFWKFYFYFFSSFFLFYRFPYVRY,63,0.644702380952381,loop_rich,0.47619047619047616,0.6666666666666666
RBX1_Ultra_v3_043_loop,YRFLFLWWYHIFLVPYFSYKVYLYFSLPKYKHGFGLPHPKFRKSLRSFVLLPRKYGFRFSYYWR,64,0.7640066964285713,loop_rich,0.359375,0.5625
RBX1_Ultra_v3_044_loop,HSYFFFFLFLFWYLGSFGYRRKYYKLPKKYYFRFKWYYLRLWYLLLYVHRS,51,0.6811309523809522,loop_rich,0.45098039215686275,0.6470588235294118
RBX1_Ultra_v3_045_loop,YHLLELSGGGLFLFRLVKGLFVYWYYGRVFFRGYVGFYLRFYFWYFKRFFKPYFFF,56,0.6742857142857142,loop_rich,0.44642857142857145,0.6607142857142857
RBX1_Ultra_v3_046_loop,VHKEDELELLGSGGLWLWPRSGKVSYHFFFLWIVFYLHVSSRFVHLYPSPGFFHKSKL,58,0.6535406403940887,loop_rich,0.22413793103448276,0.4827586206896552
RBX1_Ultra_v3_047_loop,FFPPGPLLELGPPPGVRVVFFFKVGVFHPRWSGYPFPFFGVGPKWYFGKR,50,0.7047785714285714,loop_rich,0.28,0.46
RBX1_Ultra_v3_048_loop,FPLFLFFFWSFFLFKKRVRWKYFGYWLSSHPPLPVYPWWYVVRRYHVFPVHLFHYSLWGGLY,62,0.7364343317972349,loop_rich,0.3870967741935484,0.6129032258064516
RBX1_Ultra_v3_049_loop,SFLFLFFFWWELLLGPYYKFHGKRHFRYKGRVLSYLKVPYWHRWFGLHRKYI,52,0.7762637362637362,loop_rich,0.34615384615384615,0.5576923076923077
RBX1_Ultra_v3_050_loop,WLCWHCFFLFHCWCSRFRVVVSGFHFWWLFGHKKPVSHVFYPFSWFLWFW,50,0.7175785714285713,loop_rich,0.4,0.58
RBX1_Ultra_v3_051_loop,VIELLLREDEIFLVVSLYWRHSWYLLKYWWVHIWSFGSRFFFHFWSRYWYFWRYGG,56,0.7447321428571427,loop_rich,0.375,0.625
RBX1_Ultra_v3_052_zinc,YLYKLELLYFWFYYELLLVWFEHAYKFIKCVKLIHHEFFWKEYEVYVWHLHVRFHCHRLKVLRIKHYKFKIKWHFAKYW,79,0.7592940024110909,zinc_finger_like,0.31645569620253167,0.5822784810126582
RBX1_Ultra_v3_053_zinc,WILWLLELLFWYLVFLFLICHVLAVKLFRCFLIVLILYAILKYFYLKKWFLLFHWIIEFLCVFLIAVVFYCAWK,74,0.7586277348777348,zinc_finger_like,0.2972972972972973,0.7567567567567568
RBX1_Ultra_v3_054_zinc,CYFVLVIFVKEDEVFFLFCAAFKLCEFWRFFWIWYKFLIFCVHCYRRKAFWHVHYEREHEIFAAEFARF,69,0.7423455831608005,zinc_finger_like,0.3333333333333333,0.5362318840579711
RBX1_Ultra_v3_055_zinc,AHIKHWCHFGGSGVHWCHHFYWYKFRACFKHYVWCHFYEALRCAWWKWFWFCKYIEFVVAYFWWW,65,0.6549734432234431,zinc_finger_like,0.4,0.5076923076923077
RBX1_Ultra_v3_056_zinc,EAYLFFLFIWFYLYLFLFHAHEIALRFARELRVHYFHCIKLLEKWCKEWIIVCLKRHLVFFCARKEWVVYCFHWAYYLRH,80,0.7564077380952381,zinc_finger_like,0.2875,0.5625
RBX1_Ultra_v3_057_zinc,VHLRELLLKCWHCVLFLFCECWREFLWFRKYVYFRFIAHFLVFAALCHEYHLFLHAHWYFVHAFVKVWC,69,0.7566036922015184,zinc_finger_like,0.2898550724637681,0.5652173913043478
RBX1_Ultra_v3_058_zinc,YCFYHCWCRGSGGYWFYLAWLLYVFVLVCIEWCFEAAVFCFYYRKRAHHRAFIYICWRKEAIRIFYAKK,69,0.751893547273982,zinc_finger_like,0.3188405797101449,0.5072463768115942
RBX1_Ultra_v3_059_zinc,FIKAPPGPKYFWLLPGPGAFHRRLWLHIYKRELHRAIEHVWVYAAAKVVHKCFLHLVIVEYLKFKRICYWFK,72,0.6699007936507936,zinc_finger_like,0.20833333333333334,0.4722222222222222
RBX1_Ultra_v3_060_zinc,VVFRSGGGLLFLFVSGGGKLFCRYYLKVWKWHCLHIKACFHFCAWYAFYVVWIIVECYWVACRRYKVVFIFVVA,74,0.7265942728442728,zinc_finger_like,0.2702702702702703,0.5675675675675675
