name,sequence,length,quality_score,composition_type,aromatic_content,hydrophobic_content,generation,overall_score,scaffold_type,ml_score,cluster,pca_1,pca_2
RBX1_Enhanced_v2_042_stab,LRAFWFARYFVVALLDFRREIAIVDLDYFWERVVFYIKGVYDFWVEELDVLFYDRYA,57,0.7847368421052632,stability_enhanced,0.2982456140350877,0.5964912280701754,enhanced_v2,0.7847368421052632,,0.7898435558847343,0,0.08875122639823865,1.6285941575742313
RBX1_Ultra_v3_026_beta,LRTGSGGFWWYRVGGSGRRLYSGLWWRTYWKTYISGIRYKLTTVTFFYRFVTFKWLFSRVFYSFFSYKLY,70,0.7780945378151262,,0.3428571428571428,0.5142857142857142,ultra_v3,0.7780945378151262,beta_sandwich,0.7694705333120332,1,-3.578352911166629,-1.174932486152212
RBX1_Enhanced_v2_007_arom,ILFVFVFIKEEIEFYRKDKFLHFKIIFRFYWGKDGWFVRHILALKFWFFGRFLFEWYKLHFFHVGIHK,68,0.8338235294117647,aromatic_enhanced,0.3382352941176471,0.5882352941176471,enhanced_v2,0.8338235294117647,,0.8222172355827537,2,-0.35849891614009566,1.0682942211639388
RBX1_Enhanced_v2_043_stab,WKEEYEFYYEVYIKAGEYFDFWKEDLFDDACWHCKRAEWFRLIAVDREIVELWEVFIEFEVFIEEALEADWYWRFIKER,79,0.8360759493670887,stability_enhanced,0.2784810126582278,0.4683544303797468,enhanced_v2,0.8360759493670887,,0.9817542781368861,3,3.975453306068851,-0.6528583946007598
RBX1_Enhanced_v2_049_arom,IWRKEIYKKWIVKHYILVIIYLKIILVIDDFFDEFVWWFHGAYFFVYYDYERAARVYFWLEFGKE,65,0.8569230769230769,aromatic_enhanced,0.3230769230769231,0.6153846153846154,enhanced_v2,0.8569230769230769,,0.8355721701326772,4,0.04413849992575173,1.221401474230172
RBX1_Ultra_v3_040_loop,RGPGPGLFLFGSGGLRFYGVGWFFWPRVSHYPHPYWRWGFGYSFKRYFPYFYLLWKG,57,0.7623214285714285,,0.3684210526315789,0.4912280701754385,ultra_v3,0.7623214285714285,loop_rich,0.8698991605194856,5,-5.477107206254318,-2.345959292546197
RBX1_Enhanced_v2_019_arom,YEKFYFWDKARRIYLGDFKKIDYIKEDARWYWEADIRRGLKFKLEEEWDVKWFKLVIYYGYVDA,64,0.8984375,aromatic_enhanced,0.28125,0.46875,enhanced_v2,0.8984375,,1.0244443240382999,6,1.2509162062941737,-1.5361204951890737
RBX1_Enhanced_v2_036_arom,YYWIFHEWLGIEIGILVIRFHCWIYLVDIDREVVFAFYFYIEFDFKFKWRAKLHKVFIYKALDHHF,66,0.8424242424242424,aromatic_enhanced,0.303030303030303,0.5909090909090909,enhanced_v2,0.8424242424242424,,0.837012702676954,7,0.5008258157283417,0.058561651764390134
RBX1_Enhanced_v2_009_arom,VHGWADFKEWWFVLRAYDWWFAWDEIVHEEDWERHHVVIIELFRKDWFKHIDRIEDDWFREYYFVWRKL,69,0.8685507246376811,aromatic_enhanced,0.2898550724637681,0.4927536231884058,enhanced_v2,0.8685507246376811,,0.9709090371998482,6,2.6131869400413814,-0.7308477027423113
RBX1_Enhanced_v2_034_arom,FLYGHWCHIYRKKEEKEVKYLILRVFFKAIGYIWHWYHRALLFYKKDADERWFKFEFVIFAKAERDIIL,69,0.8669565217391304,aromatic_enhanced,0.2608695652173913,0.4927536231884058,enhanced_v2,0.8669565217391304,,0.954863669529564,6,1.8031824320699574,-1.5043485531717407
RBX1_Enhanced_v2_002_comp,IAYFIEEEVEAYKFHCWEREDFFKLWDIYERWWDREAEYLKIYYFRKIGLGYIKWAFFGWLA,62,0.8767741935483871,compact_optimized,0.3225806451612903,0.5,enhanced_v2,0.8767741935483871,,0.870712497430567,6,0.853487446989529,-0.5892243171608312
RBX1_Enhanced_v2_038_arom,LAYWEWKLKEEWDEHFLVWILFILWRYKAWWYWYYKHFFFRYERIIELRWAIVKLKAVKRLGRA,64,0.8375,aromatic_enhanced,0.3125,0.5625,enhanced_v2,0.8375,,0.8395299414567363,6,1.140893241496474,-0.1900091368653644
RBX1_Enhanced_v2_016_arom,YHYKKFAEYYFLFILEWWFFGIFIIIRDWKIKIDYEIAKRWLIWAFVKGRLYKDFLRFYYWIYDRKER,68,0.8297058823529412,aromatic_enhanced,0.3529411764705882,0.5882352941176471,enhanced_v2,0.8297058823529412,,0.829274724840579,4,0.29028915510102465,0.7200183471929374
RBX1_Enhanced_v2_031_arom,FWRDEDAILVIILYVWHFYEELVWKAEKYIRYDLAVYIIRYIEYLGDFLYYLLYVFGKVDVRKK,64,0.85,aromatic_enhanced,0.265625,0.609375,enhanced_v2,0.85,,0.8290481543638043,3,1.226005082996591,-0.197922155699904
RBX1_Enhanced_v2_023_comp,VYGLRVILLAFLILYDEWCHFWDADELYFFEDRVLLWLILIYRWVFREEEVEDADERDYEEFYFFFEDLVVILYYFIWFK,80,0.795,compact_optimized,0.3,0.6125,enhanced_v2,0.795,,0.8270897067127659,7,2.6019698404432847,1.715643362899968
RBX1_Enhanced_v2_020_arom,VKRILKWKRLWHRFYFLFHCWFILLVLRDWHYEEAYWDGDYHYERWWKYKELGKELRVIKI,61,0.8252459016393443,aromatic_enhanced,0.2786885245901639,0.5245901639344263,enhanced_v2,0.8252459016393443,,0.8260646251535042,6,1.2284287007085404,-1.3434077002060398
RBX1_Enhanced_v2_048_stab,KKKIERFLILAVRWCHFLVIAWEKIYWIWLGYAGFEEGAKFRLYYGDVIFFAYALRDYWFGEV,63,0.8352380952380952,stability_enhanced,0.2857142857142857,0.5396825396825397,enhanced_v2,0.8352380952380952,,0.825025531734028,3,0.6959074701665938,-1.148047796082961
RBX1_Enhanced_v2_039_stab,WRDEDVLVARIIDVRRIGIYLFWRKLVLKFFFGVELRIWWFDIFYIWAEEAEVALWIFYAIAYWFG,66,0.8384848484848485,stability_enhanced,0.2878787878787879,0.6060606060606061,enhanced_v2,0.8384848484848485,,0.8245383008913585,7,1.0321587726651222,0.8530831985104373
RBX1_Enhanced_v2_037_arom,EYIFYYVIYLLLRDAEWYWERVILLDAKVHEWDIARIWLEHYEFFEVALLFYWFIEYFYFDW,62,0.8403225806451613,aromatic_enhanced,0.3548387096774194,0.6451612903225806,enhanced_v2,0.8403225806451613,,0.8228669724357164,4,0.42916638451609423,2.7453329248642593
RBX1_Enhanced_v2_004_arom,YVFILYELVIIILVIHHDIVEFRGLKWEERFLLERFRADHWWKWKRFDLWWHREGHIFIYF,61,0.8318032786885245,aromatic_enhanced,0.2622950819672131,0.5737704918032787,enhanced_v2,0.8318032786885245,,0.8220222692644079,6,1.373585939761054,-1.0677291334854868
RBX1_Enhanced_v2_028_comp,VFWLFILEDFWFKDRFLWVWYGYRLYLLYILGRDYDFLYKYDVFEWEGRAYYVAYYFDVKDDKGRLF,67,0.8370149253731343,compact_optimized,0.373134328358209,0.6119402985074627,enhanced_v2,0.8370149253731343,,0.8199261852365997,4,-0.15334006852770077,1.3373511769097521
RBX1_Enhanced_v2_011_arom,IARFWYWVDWRYVGLHFFKFFYFHHFGVEGVFREEILGKEDRFWFAAYYGFFEYWFFFDIVIFREFKVIYLW,72,0.8572222222222222,aromatic_enhanced,0.4166666666666667,0.6111111111111112,enhanced_v2,0.8572222222222222,,0.8188646219293014,2,-1.1011279700277197,2.874478914183508
RBX1_Enhanced_v2_046_arom,RLWYWIVYLVFVEEIIHEIKKEEFWDYFRRIKRRRDYWYAWHWYVAVHHYHLLFLYVIRYEWWYWKWEFEY,71,0.8315492957746479,aromatic_enhanced,0.3661971830985915,0.6056338028169014,enhanced_v2,0.8315492957746479,,0.8185057456187828,4,0.9833781359357638,1.4202675832143048
RBX1_Enhanced_v2_027_arom,YLIFVARDEDFFLILARIFYRIEWHDYFADWIFFWEYVLYVIADVKVIDLYHDFELKEILRVLVDK,66,0.833939393939394,aromatic_enhanced,0.2575757575757575,0.6060606060606061,enhanced_v2,0.833939393939394,,0.8184544575402529,3,1.5170071523270316,0.4715611233071746
RBX1_Enhanced_v2_008_comp,EVFYRIFKIDWCWHCFLDYREHWCHKILKLDLEAYLVDALFVVKRWVKILYWWEYVADFDLYAEIEFEEDYL,72,0.8344444444444444,compact_optimized,0.2638888888888889,0.5416666666666666,enhanced_v2,0.8344444444444444,,0.8145243446512567,7,3.171383055674568,-0.8326038585358748
RBX1_Enhanced_v2_012_arom,VFLIVIFEIEDHVFLILAFEKLAKYFRRFVDAKYDRYDIRFWKRYLEAFVLIKKVWILFFD,61,0.8350819672131148,aromatic_enhanced,0.2622950819672131,0.5901639344262295,enhanced_v2,0.8350819672131148,,0.8115286934130961,3,1.2113453099594182,-0.0852563082464381
RBX1_Enhanced_v2_033_stab,WYIFYFDLVLLKFIAFRDEKYIIIRFIFDLYWELLAIVGYLIFAWFAGWDAELEKLAGWRLWWFALVAYW,70,0.8471428571428572,stability_enhanced,0.3285714285714285,0.6428571428571429,enhanced_v2,0.8471428571428572,,0.8107973106759373,7,1.2152911770288635,1.5355635104490355
RBX1_Ultra_v3_039_loop,YSGSGGYFWLGPPPWLSIRRSKFFFYLYVGSKHRKWSFPHLIFWVGILKGSRHFSLFVPWI,61,0.7061621779859484,,0.2786885245901639,0.4918032786885246,ultra_v3,0.7061621779859484,loop_rich,0.8098184931094689,5,-3.90210432267938,-3.1985711489892807
RBX1_Enhanced_v2_017_arom,IYLVHWCHRFVKEEIVVFYVAFILLRVWYRFIAVLDDVAHEAWDEFGWIIEFHLRWVERWRDFL,64,0.8384375,aromatic_enhanced,0.25,0.578125,enhanced_v2,0.8384375,,0.8095665648769556,7,1.8092141679342373,-0.7275843140225968
RBX1_Enhanced_v2_035_stab,FAVVLLFYFWFIVRGFWFIWWLVKGFGKAFEKWYAARAVIIILKIRYELILAVDIKAKLLAFADDK,66,0.8424242424242424,stability_enhanced,0.2575757575757575,0.5909090909090909,enhanced_v2,0.8424242424242424,,0.8090721429055381,6,0.784943556707789,0.5427618850108713
RBX1_Enhanced_v2_015_comp,YIRLVIIAWRFWCHFFVVEKARIFWLALFIVFIYKEFAVDLVIKFEYLLAYKFIAFIADRK,61,0.8318032786885245,compact_optimized,0.2786885245901639,0.6229508196721312,enhanced_v2,0.8318032786885245,,0.8062088642883612,3,0.7762842040081968,0.7901382969666628
RBX1_Enhanced_v2_030_arom,RFRLYLYGHLDWYAYVVGVVVHVIVRYILVIFAKFFFYFFIDYKFFKILALGDHWDVAIWRWGYIGAFLHI,71,0.8301408450704225,aromatic_enhanced,0.3098591549295774,0.647887323943662,enhanced_v2,0.8301408450704225,,0.8036285060274,2,-0.7412759180728412,0.8368180422954636
RBX1_Enhanced_v2_018_arom,YEWWFKIYFWVILVIFIIDAFYRRHFFFHWLAALIHLARYFFFEDVFRYYDRVVVIFEYYELLHFFFDFLRFL,73,0.8458904109589042,aromatic_enhanced,0.3972602739726027,0.684931506849315,enhanced_v2,0.8458904109589042,,0.7990983586620721,4,-0.24583879805356593,3.691186032674507
RBX1_Enhanced_v2_001_arom,VADLIDRFKEDKRAVIFKGYRWCHFLYWWAYVAVVHIFVDHYVHRFLKRFVEEHRAHLEIYYFAHIDLH,69,0.7969565217391306,aromatic_enhanced,0.2318840579710145,0.4927536231884058,enhanced_v2,0.7969565217391306,,0.7949987245687032,6,1.9500030621740856,-2.1927893171289097
RBX1_Enhanced_v2_026_arom,LILVIIFHEKEDFHWHHWLFLFILYYKHRAVHALRAAIKFLRHEEIEGAWYHYFFYVVKWWHHVFKFAGLAVGIYKYWFR,80,0.7925000000000001,aromatic_enhanced,0.2875,0.55,enhanced_v2,0.7925000000000001,,0.7893159504350509,2,1.5745353647318134,-0.27881063912635745
RBX1_Enhanced_v2_025_arom,IHIKEEIKFHCWVEFVAHFKDILFHIFLLELEDFIELLYELVHKYRRLFAAEVHHHRYERAYWRF,65,0.8007692307692309,aromatic_enhanced,0.2153846153846154,0.4923076923076923,enhanced_v2,0.8007692307692309,,0.7871436054327716,3,3.047572624851554,-2.2707372427152936
RBX1_Ultra_v3_005_alph,FLEVWREKDAWIFKRWFYLIFILIVSGGGLIFFEARVKEIFYLFWFLVKVYEWIWWYKKLLRYVKDEAKKFK,72,0.7765244708994709,,0.3055555555555556,0.5972222222222222,ultra_v3,0.7765244708994709,alpha_helical,0.7858068296644651,2,1.0666960531188048,0.8575802874832962
RBX1_Enhanced_v2_045_arom,EVLLIVGFHDREKEEKLWLGEHFLAILFVWAVFFVYLFVYREALYRFEFKVAKHRKELIIKFDYRFKIEGYIY,73,0.7745205479452055,aromatic_enhanced,0.2465753424657534,0.547945205479452,enhanced_v2,0.7745205479452055,,0.782758309296227,3,2.56903667564533,-1.2628952036812502
RBX1_Enhanced_v2_006_arom,LHAYFLFDRIWRYFFHFDVFLIKEEFLYDFLALEHFKLWVRKIKFGKIFAFKEWF,55,0.780909090909091,aromatic_enhanced,0.3454545454545454,0.5818181818181818,enhanced_v2,0.780909090909091,,0.7813529863706888,2,-0.10980095515789208,0.7040918119962422
RBX1_Ultra_v3_001_alph,IYFRWPGPGIFAEYEFLFLAFFDFLREKDKIYIADFWFKLWFLLIWLRLAKVIWEIYEVALKAYDV,66,0.7742406204906204,,0.303030303030303,0.5909090909090909,ultra_v3,0.7742406204906204,alpha_helical,0.7809755543170316,3,0.9401687877399688,0.49379767550074893
RBX1_Enhanced_v2_044_comp,IIDLLIVFAWLFAARARREYFWIIEYKAERDERYLGDEKVAWEDLLRLFKVWRFIFKDIWIVYYIELKYA,70,0.78,compact_optimized,0.2428571428571428,0.5428571428571428,enhanced_v2,0.78,,0.7799918136506027,3,2.655789049296713,-0.9667449469493049
RBX1_Ultra_v3_013_alph,KLDEEFWFRDLLDLIREDEAWEWFFWWYFLWWWYEAKRLIYAERFDERIVALYAFKIVVAVA,62,0.7691493855606758,,0.3064516129032258,0.5483870967741935,ultra_v3,0.7691493855606758,alpha_helical,0.7765299710269392,6,1.7071347262907062,1.2481771457931694
RBX1_Ultra_v3_047_loop,FFPPGPLLELGPPPGVRVVFFFKVGVFHPRWSGYPFPFFGVGPKWYFGKR,50,0.7047785714285714,,0.28,0.46,ultra_v3,0.7047785714285714,loop_rich,0.7730358924879102,5,-6.002116474174337,-4.509907292537155
RBX1_Ultra_v3_014_alph,FLKAALELLWFKDEVWWYAIIVFAEELLLVIIVEFWKYLRDFWYAFKAFLWEDLWKLEDILFFRRFWRKAI,71,0.763101106639839,,0.2957746478873239,0.6056338028169014,ultra_v3,0.763101106639839,alpha_helical,0.7709943300937931,0,2.162184612941686,1.6055183108436664
RBX1_Enhanced_v2_032_arom,EILECWHCDKDWWFAFHIKLIIEEIAIGFKLYHFLRLKAIHGFVVEWWLVVAFGWDRAWIFFIEWAAKD,69,0.7685507246376813,aromatic_enhanced,0.2463768115942029,0.5217391304347826,enhanced_v2,0.7685507246376813,,0.7704516748788467,6,2.2306021806502483,-1.3841235455558702
RBX1_Ultra_v3_017_alph,DIFVFLVIFRKAVLYHCWCWDIAWRLELLYVIAWLYRFILIEYLWVWYVIFARDIDLIWRRWEWKYL,67,0.7632133972992181,,0.2985074626865671,0.6716417910447762,ultra_v3,0.7632133972992181,alpha_helical,0.7692273135513398,7,1.5939374669682016,0.8107852198410249
RBX1_Enhanced_v2_021_stab,LLIVDGFLVYFKFWFIFDKLYRLLYIDGLKAAELAVVYAALVIYGWLLLVEVEKVYKKVEDLAWVYFKDK,70,0.77,stability_enhanced,0.2285714285714285,0.6142857142857143,enhanced_v2,0.77,,0.7655639907083818,3,1.923779314822657,-0.1546282158203693
RBX1_Ultra_v3_015_alph,VFAALCWHCFLIEVFSGGGFIKKAYFFWREWVLLEVLIVAVLYIAIFDEFVELKWWFLYDIFWLLWKVYKIYL,73,0.7699013372472275,,0.3013698630136986,0.6575342465753424,ultra_v3,0.7699013372472275,alpha_helical,0.764626797139725,7,1.145258665032823,1.5786369140291778
RBX1_Ultra_v3_052_zinc,YLYKLELLYFWFYYELLLVWFEHAYKFIKCVKLIHHEFFWKEYEVYVWHLHVRFHCHRLKVLRIKHYKFKIKWHFAKYW,79,0.7592940024110909,,0.3164556962025316,0.5822784810126582,ultra_v3,0.7592940024110909,zinc_finger_like,0.7645390348621264,2,1.709725990541325,1.0885644005814088
RBX1_Ultra_v3_049_loop,SFLFLFFFWWELLLGPYYKFHGKRHFRYKGRVLSYLKVPYWHRWFGLHRKYI,52,0.7762637362637362,,0.3461538461538461,0.5576923076923077,ultra_v3,0.7762637362637362,loop_rich,0.7627109613548819,6,-2.667315776083139,-0.9025236674969226
RBX1_Ultra_v3_021_alph,IYDLDCWHCFVDWDILLELRVWAWIHWCHYVIFVIVLLDFLERRFIFIVLYVYEYVYFRRRW,62,0.7543721198156683,,0.2903225806451613,0.6612903225806451,ultra_v3,0.7543721198156683,alpha_helical,0.7581001111600567,7,1.0765453063998978,0.5213698505883674
RBX1_Ultra_v3_008_alph,AVADAVFILKFALADHWCHLKIEFEVFILADFFRKIIEVYFKYVWYEDFFYYFAAVWVYRYW,62,0.717229262672811,,0.3387096774193548,0.5967741935483871,ultra_v3,0.717229262672811,alpha_helical,0.7569525313125632,4,-0.12473154198167243,1.482651253506716
RBX1_Ultra_v3_019_alph,FFKEKIFLVWYADAISGGGIFWVFAELLLWRKYLIWYVRREAKRAFFILKEELFILVEWAFEVFV,65,0.7446016483516483,,0.2769230769230769,0.5846153846153846,ultra_v3,0.7446016483516483,alpha_helical,0.756439828091163,3,0.8265222661959819,0.16533528838487013
RBX1_Ultra_v3_020_alph,YDYDAELLLAVEVLFPGPGLIEARVLFLFFFFLAIAWFYWREWFDYIYIDVIVVKLKLLREYLRFLR,67,0.7317457356076759,,0.2686567164179104,0.6268656716417911,ultra_v3,0.7317457356076759,alpha_helical,0.7563603382939094,3,1.1809902626243678,0.5676827834357165
RBX1_Ultra_v3_054_zinc,CYFVLVIFVKEDEVFFLFCAAFKLCEFWRFFWIWYKFLIFCVHCYRRKAFWHVHYEREHEIFAAEFARF,69,0.7423455831608005,,0.3333333333333333,0.5362318840579711,ultra_v3,0.7423455831608005,zinc_finger_like,0.7561508679561492,2,0.8750183035673994,1.1981309113072514
RBX1_Ultra_v3_057_zinc,VHLRELLLKCWHCVLFLFCECWREFLWFRKYVYFRFIAHFLVFAALCHEYHLFLHAHWYFVHAFVKVWC,69,0.7566036922015184,,0.2898550724637681,0.5652173913043478,ultra_v3,0.7566036922015184,zinc_finger_like,0.7553822416914382,7,1.4562438207755581,0.17051443254583595
RBX1_Ultra_v3_043_loop,YRFLFLWWYHIFLVPYFSYKVYLYFSLPKYKHGFGLPHPKFRKSLRSFVLLPRKYGFRFSYYWR,64,0.7640066964285713,,0.359375,0.5625,ultra_v3,0.7640066964285713,loop_rich,0.7546984089169142,5,-2.892540224618687,-1.1854771351278193
RBX1_Ultra_v3_056_zinc,EAYLFFLFIWFYLYLFLFHAHEIALRFARELRVHYFHCIKLLEKWCKEWIIVCLKRHLVFFCARKEWVVYCFHWAYYLRH,80,0.7564077380952381,,0.2875,0.5625,ultra_v3,0.7564077380952381,zinc_finger_like,0.7546398458111238,2,2.232000337595973,0.3984840542966587
RBX1_Ultra_v3_058_zinc,YCFYHCWCRGSGGYWFYLAWLLYVFVLVCIEWCFEAAVFCFYYRKRAHHRAFIYICWRKEAIRIFYAKK,69,0.751893547273982,,0.3188405797101449,0.5072463768115942,ultra_v3,0.751893547273982,zinc_finger_like,0.7544961361662306,2,0.2102916022683926,-0.35748056789796295
RBX1_Enhanced_v2_014_stab,FYLGRRDEYGVFLIKVDLYLDGAKEVRKELKFWLALVKRGGIVEVYRVLVYFFKEYYIIVGVWKLGYVRVEVF,73,0.7645205479452055,stability_enhanced,0.2191780821917808,0.5753424657534246,enhanced_v2,0.7645205479452055,,0.7532705162807918,3,1.1681567199513707,-1.2527773158388154
RBX1_Enhanced_v2_041_arom,GFKEEYFHWCHYAFLILKYRVFRKIRKVGRLKRIWRGGLILFFVFLAGIFKWKEKWRKLEDAHRYWFYFFGFVLALWDYGVHL,83,0.7419277108433735,aromatic_enhanced,0.2891566265060241,0.5301204819277109,enhanced_v2,0.7419277108433735,,0.7523493134348364,2,1.335598890935511,-0.8990749119700918
RBX1_Ultra_v3_035_beta,IYFKEDELFWYLGPPGPVRYWTWTFRSIFVRVFWITYGWWLTYIYIGSYGVLIYRRI,57,0.7643684579094795,,0.3333333333333333,0.5964912280701754,ultra_v3,0.7643684579094795,beta_sandwich,0.7522900780917408,1,-3.378148071122985,-0.42397419650017554
RBX1_Ultra_v3_003_alph,LYAWISGGGDLWKAVHWCHFLEFDFREDEWWIAFFAYRWIARYYVEFAIDAYYEIIRRWFDLDYWFI,67,0.7241959843638948,,0.3432835820895522,0.5373134328358209,ultra_v3,0.7241959843638948,alpha_helical,0.7516026938534828,6,0.8473565013845719,-0.03088160220082078
RBX1_Ultra_v3_051_loop,VIELLLREDEIFLVVSLYWRHSWYLLKYWWVHIWSFGSRFFFHFWSRYWYFWRYGG,56,0.7447321428571427,,0.375,0.625,ultra_v3,0.7447321428571427,loop_rich,0.7492856953069368,1,-2.529994002715904,1.1850763000739755
RBX1_Ultra_v3_053_zinc,WILWLLELLFWYLVFLFLICHVLAVKLFRCFLIVLILYAILKYFYLKKWFLLFHWIIEFLCVFLIAVVFYCAWK,74,0.7586277348777348,,0.2972972972972973,0.7567567567567568,ultra_v3,0.7586277348777348,zinc_finger_like,0.747954071151208,7,1.227604291211601,3.198577135407326
RBX1_Ultra_v3_038_loop,WWPGPGHCWCGSGGKVSGWSWVYSGIYFSLFHSHYHHLVGHVRFVVGPYFKG,52,0.6775824175824176,,0.25,0.4230769230769231,ultra_v3,0.6775824175824176,loop_rich,0.7470441894801345,5,-4.497100280935798,-5.56284414459967
RBX1_Ultra_v3_025_beta,LVFGSGGFFLFLKREDELFFVSYTYGFRIRIFTWIFGIYIYIYGLTLIFYLKLYT,55,0.7624925515660809,,0.3272727272727272,0.6363636363636364,ultra_v3,0.7624925515660809,beta_sandwich,0.7453875567958635,1,-3.0842486426923403,0.17674049006609802
RBX1_Enhanced_v2_005_arom,IGWHFAKEWWDCWHCGHLLAEKFHCWKFDRKVVYEIYFLIFKKIAFYEFFHCWVAKWAWWAALFRLLADAIYFIVDVFKYLF,82,0.7314634146341463,aromatic_enhanced,0.3170731707317073,0.5365853658536586,enhanced_v2,0.7314634146341463,,0.7447472142099159,7,2.0131834574831426,-0.017743184512475016
RBX1_Ultra_v3_028_beta,TYRLLELVWFYLKLLELFLLTYSYWKSVFFFWKVFKIFRVVLFFTTIKRFSVYVWTVKWKRGYLVRSTYL,70,0.74556512605042,,0.3142857142857143,0.6428571428571429,ultra_v3,0.74556512605042,beta_sandwich,0.742711765656832,1,-1.0250836003131008,1.101137100596915
RBX1_Ultra_v3_031_beta,LIYGGSGFLELLGGGSGTFYYKFLIGRLVRVWVRKWGYLRLLGKWIYKIVWTSIRKWRFWYYKIFKWWFF,70,0.7386365546218485,,0.3142857142857143,0.5857142857142857,ultra_v3,0.7386365546218485,beta_sandwich,0.7417429459279694,1,-1.941073658586469,-0.6785448024928236
RBX1_Enhanced_v2_010_stab,VVIAILDLLDREDVAFVVAIWLVDLLIVAYRYVRIEYVFLFVFAFLIADLVFIYIFREFDGGIFAIKEWRAGL,73,0.7645205479452055,stability_enhanced,0.2054794520547945,0.6301369863013698,enhanced_v2,0.7645205479452055,,0.7409196235368831,3,2.5534121183464786,-0.7145061136556858
RBX1_Ultra_v3_018_alph,AYLDLIFLVILEYWIWFYLVEKLFALFLFIYEEFVALFLKFFDIEFALEYFVYIRVYIWRRYWELARYDE,70,0.7149642857142857,,0.3428571428571428,0.6857142857142857,ultra_v3,0.7149642857142857,alpha_helical,0.7406106451408987,7,1.7736134646426627,2.534682376985348
RBX1_Ultra_v3_011_alph,VWWKYREDEWWRVIFHCWCIWFRYRREKDLYKAKRRLKYEDFAIFIFFYIWREWFWWLAK,60,0.6914007936507935,,0.3666666666666666,0.5333333333333333,ultra_v3,0.6914007936507935,alpha_helical,0.7401338036262117,6,0.731416381188469,0.7395930305063098
RBX1_Ultra_v3_004_alph,FLAVKLVIFAEIVEKHCWCFILAYIFLFLIYVVYWWLVFRWFWEIDIELFLKEFRWWFLEA,61,0.7302058938329429,,0.3278688524590163,0.6885245901639344,ultra_v3,0.7302058938329429,alpha_helical,0.7388697087621623,7,1.3539168792139589,2.433336090542688
RBX1_Enhanced_v2_029_comp,YFKIERFLILHWCHEAFVWDAFAYLFVLVILAFGDFIKGKGVVAEYIIKEIDYEVI,56,0.7182142857142857,compact_optimized,0.2321428571428571,0.5714285714285714,enhanced_v2,0.7182142857142857,,0.738405011135567,3,0.9097907227102239,-1.3601944029694817
RBX1_Enhanced_v2_047_stab,LRFLILGWIFGAGLFLFWRREFKYLLIVAFKRDFVIIDIVKWVLDGLLAFKLRIFLLKLLKLEKFEGL,68,0.7611764705882353,stability_enhanced,0.2058823529411764,0.6176470588235294,enhanced_v2,0.7611764705882353,,0.7379068219119367,3,1.8014452678882744,-1.1487309181615244
RBX1_Ultra_v3_002_alph,WLAYVFFLFKLDFFVWFYLKLWLAILFLFFLVLYRKLWALILFRVWIYDRRAIFLALYVKAWRAAVLADFLLY,73,0.7262744618395303,,0.3287671232876712,0.7123287671232876,ultra_v3,0.7262744618395303,alpha_helical,0.7377217879546006,2,1.0480172892812325,2.643803871195244
RBX1_Ultra_v3_009_alph,WEFIIELLLFDLAWIYFWLARKFLLLELLFVVLVVWAVAWLKIYWRRYKIFLEAFYWAEVIFWLFWWV,68,0.7215371148459383,,0.3382352941176471,0.7352941176470589,ultra_v3,0.7215371148459383,alpha_helical,0.737205376758056,0,1.1898288707114826,3.4239496173510253
RBX1_Ultra_v3_048_loop,FPLFLFFFWSFFLFKKRVRWKYFGYWLSSHPPLPVYPWWYVVRRYHVFPVHLFHYSLWGGLY,62,0.7364343317972349,,0.3870967741935484,0.6129032258064516,ultra_v3,0.7364343317972349,loop_rich,0.7358459898566256,5,-3.7152947823137965,0.10914112100921788
RBX1_Enhanced_v2_024_comp,ILFVLGIAGELKDRIYRDFLVIIAFDDALVEIERYAWWRGILKDDKERWYEIFDLIIFIERIREYYLDKDLGEY,74,0.6568918918918918,compact_optimized,0.1891891891891892,0.5135135135135135,enhanced_v2,0.6568918918918918,,0.7348719395341032,3,3.2070511901196115,-2.4459908438890086
RBX1_Ultra_v3_060_zinc,VVFRSGGGLLFLFVSGGGKLFCRYYLKVWKWHCLHIKACFHFCAWYAFYVVWIIVECYWVACRRYKVVFIFVVA,74,0.7265942728442728,,0.2702702702702703,0.5675675675675675,ultra_v3,0.7265942728442728,zinc_finger_like,0.7345938615700076,7,0.15217039869125532,-1.13242537572034
RBX1_Ultra_v3_012_alph,LLEAEYFFIKRAVAIFLFLEIIAIYFWFIEAIVLWARFYVRRLEVAIARIRAFDIDVYEWLIY,63,0.7150462962962962,,0.2539682539682539,0.6190476190476191,ultra_v3,0.7150462962962962,alpha_helical,0.7311255181869104,3,1.417768735434681,1.1670824214997222
RBX1_Ultra_v3_037_loop,VFFFWSIFLVFFWVSFLSKWKPWYKWHGKGVHSLVVGPGHKRHFHVSWVFRRWVHSYG,58,0.727173645320197,,0.3103448275862069,0.5344827586206896,ultra_v3,0.727173645320197,loop_rich,0.729389382048129,5,-3.492551064464246,-1.7426415822995591
RBX1_Enhanced_v2_022_stab,AWDREDILFVFLEAERWVGVVFAKVDLKLWREYGLDLIDVKWIWVALIIWDAAERDLAIFKKKKGIRE,68,0.7035294117647058,stability_enhanced,0.1617647058823529,0.4852941176470588,enhanced_v2,0.7035294117647058,,0.7258172896939944,3,3.403578696337413,-3.37613475938479
RBX1_Ultra_v3_036_beta,WKSYFFIIGPPPSHWCHITLVKYYYVGTVSIIWLGGFVKRWKVRWSKKIWLSTKISFYYF,60,0.718345238095238,,0.2833333333333333,0.5333333333333333,ultra_v3,0.718345238095238,beta_sandwich,0.7256890569558975,5,-3.7531147023252176,-2.1787380356614543
RBX1_Ultra_v3_024_beta,KFGHCWCFVFILFHCWCWLFFIYSYFYKIKVLKGIGKFFTVKYWFKYVVVLWIVRKFSFWS,61,0.7211263603802176,,0.3770491803278688,0.639344262295082,ultra_v3,0.7211263603802176,beta_sandwich,0.7225384015940979,2,-2.5850775008664475,1.5883652951622886
RBX1_Ultra_v3_050_loop,WLCWHCFFLFHCWCSRFRVVVSGFHFWWLFGHKKPVSHVFYPFSWFLWFW,50,0.7175785714285713,,0.4,0.58,ultra_v3,0.7175785714285713,loop_rich,0.7208623529434768,2,-3.717100685558781,1.092775538186956
RBX1_Ultra_v3_034_beta,GTKWWYWFLLELGWFYLSTSIVIIYITTYRLSFSGKIIIVSGRGGKGSKYYTSITIIWGFFY,62,0.7081785714285713,,0.2741935483870967,0.5483870967741935,ultra_v3,0.7081785714285713,beta_sandwich,0.71902950904451,1,-3.7356256844554205,-1.4792008309134164
RBX1_Ultra_v3_006_alph,RFLYKGGSGVEWEDIHCWCALFFVDREDERFLFWAWVALLFFIVKFERYILELKEIIYLEAAFKLERIVLVK,72,0.6821461640211639,,0.2222222222222222,0.5277777777777778,ultra_v3,0.6821461640211639,alpha_helical,0.7182895025330654,3,2.5749292542820523,-1.3103621162419448
RBX1_Ultra_v3_030_beta,TVFSGGGSLELLLGPPPFTRSLGWYLYYVKGVGVTYRIRFYGKVKFFSWSYGVFLTFRKILYWWTIL,67,0.709402201178979,,0.2686567164179104,0.5373134328358209,ultra_v3,0.709402201178979,beta_sandwich,0.717256359918968,1,-3.0291649265172294,-2.544100469857654
RBX1_Ultra_v3_059_zinc,FIKAPPGPKYFWLLPGPGAFHRRLWLHIYKRELHRAIEHVWVYAAAKVVHKCFLHLVIVEYLKFKRICYWFK,72,0.6699007936507936,,0.2083333333333333,0.4722222222222222,ultra_v3,0.6699007936507936,zinc_finger_like,0.7104193833553057,6,1.0093407497040998,-3.13852318554753
RBX1_Ultra_v3_027_beta,TWRHWCHVPGPGGYFWLIYIFTFYVYKGYFYKWYFVGFLLGIRVKKSFFVFFTFYST,57,0.7034861049683031,,0.4035087719298245,0.5964912280701754,ultra_v3,0.7034861049683031,beta_sandwich,0.7060610870797045,5,-5.726493604258393,1.3880627264583578
RBX1_Ultra_v3_055_zinc,AHIKHWCHFGGSGVHWCHHFYWYKFRACFKHYVWCHFYEALRCAWWKWFWFCKYIEFVVAYFWWW,65,0.6549734432234431,,0.4,0.5076923076923077,ultra_v3,0.6549734432234431,zinc_finger_like,0.7039102177937149,6,-1.140098201159463,0.9296916579729028
RBX1_Ultra_v3_029_beta,VRGELLLISGGGKLLELYIFRKLYLIYVYLLYWWWISGIKILFTSFWFRLYFSVRFKILFITLKI,65,0.6936291208791208,,0.2615384615384615,0.6615384615384615,ultra_v3,0.6936291208791208,beta_sandwich,0.7034680106056728,1,-0.6817298835036542,-0.022890018383378646
RBX1_Ultra_v3_022_beta,SGKPGPGVYFFFWGPPPFIGTTYLKWTWYYYIGKSITIIWKVIVVKLILSIFITRVYT,58,0.6970830918574326,,0.2586206896551724,0.5517241379310345,ultra_v3,0.6970830918574326,beta_sandwich,0.6995085918327645,5,-4.670029733676809,-2.4104111773517136
RBX1_Ultra_v3_016_alph,VIKYVLLELIILDREREKDFKELKELELLEYFRWKYFLKYAFDREFRILYVVFLLKILFYEEAIAEILK,69,0.6528718081435472,,0.2028985507246377,0.5652173913043478,ultra_v3,0.6528718081435472,alpha_helical,0.6982693149688921,3,3.5041109167467046,-0.7957415521235597
RBX1_Ultra_v3_023_beta,FVKLFLFIHCWCFIFLVTGWYKFIIIGVLSKITIGGGSFTLVYFVRLFFLSWFKLLIIVG,60,0.6879383753501399,,0.2666666666666666,0.6666666666666666,ultra_v3,0.6879383753501399,beta_sandwich,0.6933034327716734,1,-2.3686071229690255,0.05438359495684442
RBX1_Ultra_v3_046_loop,VHKEDELELLGSGGLWLWPRSGKVSYHFFFLWIVFYLHVSSRFVHLYPSPGFFHKSKL,58,0.6535406403940887,,0.2241379310344827,0.4827586206896552,ultra_v3,0.6535406403940887,loop_rich,0.6906296980571063,5,-1.997290827634919,-3.7547712791995886
RBX1_Ultra_v3_044_loop,HSYFFFFLFLFWYLGSFGYRRKYYKLPKKYYFRFKWYYLRLWYLLLYVHRS,51,0.6811309523809522,,0.4509803921568627,0.6470588235294118,ultra_v3,0.6811309523809522,loop_rich,0.6895640957707792,4,-5.183049403312015,2.6978180103525835
RBX1_Ultra_v3_033_beta,GFLGGSGFIFLVTREDEWIKVIWITRWKWIVLSVWIFGSSRGVVWTVSYFRFLLWKVWTRIRIYTTTSI,69,0.6671436183168918,,0.2318840579710145,0.5507246376811594,ultra_v3,0.6671436183168918,beta_sandwich,0.6888336207441651,1,-1.2739395209523927,-2.5529359700450236
